name,price,discont
"Аджика Мистраль Амца, 200...",249 .99,-25 %
Зубная паста Colgate Лече...,139 .69,-22 %
"Макароны Ладные,перья, 40...",39 .99,-13 %
"Макароны Ладные, рожки, 4...",39 .99,-13 %
"Макароны Ладные,вермишель...",39 .99,-13 %
"Макароны Ладные,спираль,...",39 .99,-13 %
"Макароны Ладные, вермишел...",39 .99,-13 %
Печенье Белогорье Постное...,49 .99,-21 %
Пряники Наслада сырцовые...,104 .99,-29 %
Печенье Любятово Постное...,86 .99,-20 %
Печенье Полезный Завтрак...,78 .99,-25 %
Торт Русская Нива Наполео...,239 .99,-21 %
Печенье Хлебный Спас Поле...,78 .99,-25 %
MILKA Пирожное ШОКОЛАДНЫЙ...,64 .99,-24 %
Печенье Хлебный Спас Овся...,99 .99,-21 %
Мощное чистящее средство...,314 .99,-27 %
Мощное средство Cillit Ba...,314 .99,-27 %
"Печенье постное ""Юбилейно...",104 .99,-29 %
Конфеты Raffaello с цельн...,430 .49,-42 %
"Филе сельди Матиас, ориги...",159 .99,-32 %
"Бедро цыпленка, особое, о...",229 .99,-27 %
Филе куриное охлажденное...,278 .99,-20 %
"Сердце Свиное, замороженн...",259 .99,-24 %
FISH HOUSE Вобла вяленая...,224 .99,-25 %
Горбуша Рыбная миля холод...,229 .99,-18 %
Филе рыбное Дальневосточн...,269 .99,-23 %
Форель филе кусок с/с 150...,249 .99,-13 %
Медальоны Черкизово из св...,284 .99,-26 %
FISH HOUSE МИНТАЙ филе мо...,229 .99,-27 %
"Кета Fish House, ломтики,...",179 .99,-28 %
"Креветки Fish House, коро...",499 .99,-41 %
Крабовые палочки Снежный...,179 .99,-28 %
FISH HOUSE Морской коктей...,229 .99,-31 %
Корсаков икра зернистая л...,649 .99,-16 %
Скумбрия Русское море атл...,219 .99,-19 %
"Паста Балтийский берег, 1...",119 .99,-26 %
ЕВРОПРОМ Паста КР-ФИШ м/п...,139 .99,-36 %
"Фарш Деревенский, Ближние...",179 .99,-42 %
КР.ЦЕНА Сельдь ф/кус.в/м...,199 .99,-31 %
POLAR Форель стейки зам....,869 .99,-26 %
МИРАТОРГ Колбаски для жар...,199 .99,-33 %
Мираторг Стейк Пеппер из...,299 .99,-26 %
Икор рыбн издел Икра рыбн...,139 .99,-29 %
Икорн рыбн издел Икра рыб...,139 .99,-29 %
РЕСТОРИЯ Тефтели из индей...,124 .99,-13 %
РЕСТОРИЯ Азу из индейки п...,209 .99,-15 %
Fish House Треска филе б/...,349 .99,-38 %
"Филе грудки утенка 600 г,...",469 .99,-24 %
БЗМЖ Сыр плавленый пастоо...,199 .99,-11 %
Вода СВЯТОЙ ИСТОЧНИК б/г...,49 .99,-17 %
"Кукуруза Bonduelle, 340 м...",149 .99,-21 %
"Конфеты Москвичка, РотФро...",573 .99,-38 %
"Нектар Добрый, мультифрук...",175 .99,-15 %
"Сок Добрый, яблоко, 2 л",175 .99,-15 %
Пирожное КОЛЬЦО С ТВОРОГО...,252 .99,-41 %
PRESID.Сыр 45% плав.сливо...,136 .99,-28 %
ФН Десерт из ябл/бан/клуб...,63 .99,-38 %
Пирожное ТРУБОЧКА С КРЕМО...,234 .99,-41 %
"Горошек Bonduelle, 400 мл",149 .99,-21 %
"Закусочка венгерская, Дяд...",169 .99,-30 %
Вода СВЯТ.ИСТОЧН.прир.пит...,49 .99,-17 %
Сок ФрутоНяня Яблоко-перс...,43 .99,-32 %
"Набор конфет Merci, Ассор...",449 .99,-34 %
"Масло Олейна, подсолнечно...",129 .99,-17 %
Говядина Главпродукт туше...,259 .99,-20 %
"Торт Чародейка, 650 г",449 .99,-34 %
"Конфеты Ромашки, 1 кг",659 .99,-46 %
"Конфеты Маска, РотФронт,...",769 .99,-51 %
Рис Националь длиннозерны...,149 .99,-34 %
"Чай Greenfield, Golden Ce...",194 .99,-34 %
Вода Ессентуки №4 минерал...,113 .99,-22 %
"Нектар Добрый, апельсин,...",175 .99,-15 %
"Кофе Jacobs Monarсh*, рас...",799 .99,-52 %
Блинчики Морозко с ветчин...,229 .99,-40 %
Сок ФрутоНяня Яблочный 20...,43 .99,-32 %
Горчица Haas Баварская пи...,109 .99,-19 %
"Вода Borjomi, минеральная...",119 .99,-26 %
Напиток Фрутоняня яблочны...,43 .99,-32 %
"Maggi на второе, плов с к...",64 .99,-24 %
Мука Макфа в/с 2кг,139 .99,-33 %
"Макароны Baisad, перья, 4...",65 .99,-25 %
"Макароны Baisad, спагетти...",65 .99,-25 %
"Макароны Baisad, спирали,...",65 .99,-25 %
"Макароны Baisad, рожки, 4...",65 .99,-25 %
"Конфеты Батончики, РотФро...",219 .99,-55 %
"Maggi на второе, макароно...",64 .99,-24 %
"Чай Greenfield, Earl Grey...",194 .99,-29 %
Чай Greenfield Green Meli...,139 .99,-33 %
Чай Greenfield Summer Bou...,139 .99,-33 %
"Рулетик Улыбка, маковый,...",37 .99,-16 %
Стиральный порошок Tide К...,599 .99,-32 %
Стиральный порошок Tide А...,599 .99,-32 %
"Сок Фрутоняня*, груша, 20...",43 .99,-32 %
"Чай Greenfield, Kenian Su...",139 .99,-33 %
"Пирожное Муравейник, Mire...",259 .99,-20 %
Суаре банка 95гр,359 .99,-34 %
Чай Greenfield Spring Mel...,139 .99,-33 %
"Блинчики с мясом, Останки...",149 .99,-34 %
"Кофе Jardin Dessert Cup,...",449 .99,-34 %
Хлеб Черемушки Бородински...,48 .99,-15 %
Стиральный порошок Биолан...,379 .99,-27 %
"Лазанья мясная, Золотой П...",189 .98,-50 %
Кетчуп Махеевъ Лечо 500г,129 .99,-24 %
"Стиральный порошок Bimax,...",579 .99,-28 %
Средство чистящее Cillit...,299 .99,-27 %
"Напитки из Черноголовки,...",144 .99,-25 %
Ватрушка Хлебозавод №28 с...,31 .99,-19 %
"Напитки из Черноголовки,...",144 .99,-25 %
"Напитки из Черноголовки,...",144 .99,-25 %
Хлебцы Хлебцы Молодцы лай...,51 .99,-24 %
"Стиральный порошок Bimax,...",579 .99,-28 %
Котлеты От Ильиной капуст...,129 .99,-24 %
"Хлебцы молодцы Лайт, ржан...",51 .99,-24 %
Приправа Индана Хмели-сун...,39 .99,-26 %
Нектар Фрутоняня Банан с...,43 .99,-32 %
Шарлиз Пастила с кусочкам...,79 .99,-13 %
Конфеты Konti Княжеские,799 .99,-51 %
Сардельки Дым Дымыч с гов...,449 .99,-47 %
Вафельные трубочки Яшкино...,99 .99,-31 %
"Майонез Ряба Провансаль,...",119 .99,-17 %
Конфеты ЛЕВУШКА шок.гл.1к...,549 .99,-37 %
"Сыр Карат, шоколадный, пл...",147 .99,-19 %
"Чай Акбар Ceylon, черный,...",369 .99,-41 %
"Крекер Tuc Original , сол...",89 .99,-28 %
МАХЕЕВЪ Джем ЛИМОННЫЙ 300...,134 .99,-19 %
"Джем Махеевъ, черника, 30...",134 .99,-19 %
Каша Heinz Любопышки Мног...,229 .99,-22 %
Чай черный Tess Forest Dr...,129 .99,-39 %
"Яйца куриные Лето, С1, 20...",189 .99,-11 %
HOCHL.Сыр СЛИВОЧНЫЙ творо...,125 .99,-21 %
HOCHL.Сыр С ЗЕЛЕНЬЮ творо...,125 .99,-21 %
Ветчина Столичная Вязанка...,329 .99,-46 %
"Джем Махеевъ, клубника, 3...",134 .99,-19 %
Палочки Кузя Лакомкин кук...,79 .99,-44 %
"Паштет Деревенский, Егорь...",129 .99,-39 %
"Чай Greenfield, Golden Ce...",356 .99,-36 %
Масло-элексир Garnier Фру...,579 .99,-26 %
"Колбаса Докторская, варен...",389 .99,-49 %
Макароны Trattoria di Mae...,79 .99,-16 %
Спагетти Trattoria di Mae...,79 .99,-16 %
"Семечки От Мартина, Отбор...",129 .99,-24 %
Шампунь Garnier Fructis S...,349 .99,-46 %
"Пюре Фрутоняня*, яблоко,...",63 .99,-38 %
Пюре Фрутоняня грушевое с...,63 .99,-38 %
"Пюре Фрутоняня*, витаминн...",63 .99,-38 %
"Пюре Фрутоняня*, яблоко-а...",63 .99,-38 %
"Колбаса Свиная, сырокопче...",449 .99,-38 %
Средство для унитазов Bre...,299 .99,-34 %
Чебупицца Горячая Штучка...,189 .98,-50 %
Шарлиз Пастила с ароматом...,79 .99,-13 %
"Зубная паста Aquafresh, с...",139 .99,-22 %
"Йогурт Lactika, Греческий...",57 .99,-23 %
ТЫС.ОЗЕР Сыр СЛИВОЧНЫЙ 50...,159 .99,-21 %
"Колбаса Пресижн, сырокопч...",309 .99,-36 %
"Батончик Picnic Big, 76 г",79 .49,-40 %
МАХЕЕВЪ Джем ВИШНЕВЫЙ дой...,134 .99,-19 %
Соус майонезный Ряба Пост...,119 .99,-26 %
Туалетная бумага Papia 8...,279 .99,-36 %
Бумага туалетная Papia Ба...,279 .99,-36 %
Колбаса Останкино Сервела...,329 .99,-43 %
Колбаса Окраина Докторска...,379 .99,-27 %
"Хлеб Стройный рецепт, 350...",73 .99,-21 %
Венский конвертик Мастер...,49 .99,-25 %
Конверт фруктовый Мастер...,49 .99,-25 %
"Пирожное наполеон, 300 г",319 .99,-38 %
Начос Delicados оригиналь...,109 .99,-28 %
Начос Delicados с нежнейш...,109 .99,-28 %
"Вареники Сытый папа, с ка...",139 .99,-36 %
"Сосиски Сочные, Папа може...",309 .99,-52 %
"Колбаса ""Вязанка"" со шпик...",299 .99,-47 %
"Колбаса Ароматная, сыроко...",139 .99,-36 %
Шампунь для волос Garnier...,349 .99,-46 %
Шпикачки Мд Бородина Дома...,449 .99,-43 %
Икра трески 5 Морей 160г,149 .99,-21 %
"Печенье Oreo, с какао нач...",89 .99,-23 %
"Конфеты Trufello, со вкус...",99 .99,-16 %
Комбинированный рассольны...,129 .99,-24 %
"Молоко С нашей фермы, уль...",92 .49,-25 %
"Творог Вкуснотеево, 9%, 7...",309 .99,-17 %
"Сосиски Премиум, с натура...",329 .99,-52 %
Чай Tess Banana Split чер...,129 .99,-39 %
Шоколад Ritter Sport Моло...,159 .99,-26 %
Шоколад Ritter Sport Белы...,159 .99,-26 %
Шоколад Ritter Sport Темн...,159 .99,-26 %
Шоколад Ritter Sport Моло...,159 .99,-26 %
"Крекер Tuc, пицца, 100 г",89 .99,-28 %
Средство для мытья посуды...,144 .99,-25 %
Сок Фрутоняня из яблок и...,43 .99,-32 %
Средство для мытья посуды...,259 .99,-27 %
Средство для мытья посуды...,259 .99,-27 %
Средство для мытья посуды...,144 .99,-25 %
"Maggi на второе, для мака...",64 .99,-24 %
Средство для мытья посуды...,159 .99,-32 %
Напиток безалкогольный не...,49 .99,-21 %
"Пюре Фрутоняня*, салатик...",63 .99,-38 %
"Пельмени Хахяль, Мясная ф...",599 .99,-59 %
Папа может. Колбаса Филей...,269 .99,-52 %
Вода питьевая для детског...,94 .99,-22 %
Кофе молотый Арабика LEBO...,299 .99,-27 %
Творог Село Зеленое 5% 50...,259 .99,-35 %
"Мини круассаны 7Days, как...",169 .99,-30 %
Мясной продукт категории...,409 .99,-42 %
Печенье Belvita Утреннее...,139 .99,-36 %
"Пюре Фрутоняня*, яблоко-б...",63 .99,-38 %
GLOBAL VILLAGE НЕКТАР АПЕ...,94 .99,-27 %
GLOBAL VILLAGE Нектар АНА...,94 .99,-27 %
GLOBAL VILLAGE Нектар ВИШ...,94 .99,-27 %
GL.VILLAGE СОК ЯБЛОЧНЫЙ 0...,94 .99,-27 %
"Вафельный торт, глазирова...",119 .99,-17 %
САРАФ.Йогурт термостат.де...,24 .99,-21 %
"Набор конфет Ассорти, Кор...",569 .99,-44 %
Конверт фруктовый Мастер...,49 .99,-25 %
Кабачки Дядя Ваня По-тбил...,179 .99,-23 %
Молоко МИДОРИ кокосовое 1...,199 .99,-16 %
Корм для кошек Natures Ta...,49 .99,-31 %
Корм для кошек Natures Ta...,49 .99,-31 %
Корм для кошек Natures Ta...,49 .99,-31 %
"Сметана Paэ, 20%, 320 г",119 .99,-30 %
ЛЮБЯТОВО Завтраки МЕД.ШАР...,209 .99,-24 %
Шампунь для волос Garnier...,349 .99,-46 %
Шампунь для волос Garnier...,349 .99,-46 %
"Кофе Nescafe Gold, раство...",534 .99,-48 %
Бальзам-ополаскиватель Ga...,349 .99,-46 %
"Пюре Фрутоняня*, из яблок...",63 .99,-38 %
Бальзам-ополаскиватель Ga...,349 .99,-46 %
"Верховье, биотворог с пер...",49 .99,-11 %
"Верховье, биотворог с клу...",49 .99,-11 %
ФРУТОН.Кусочки фр.из ябл....,152 .99,-22 %
ФРУТОН.Кусочки фр.из ябл/...,152 .99,-17 %
"Сыр классический, Брест Л...",209 .99,-15 %
Мясосодержащий полуфабрик...,199 .99,-36 %
Кетчуп Махеевъ Томатный 7...,189 .99,-22 %
Кетчуп Махеевъ Шашлычный...,189 .99,-22 %
Средство для мытья посуды...,259 .99,-27 %
Творог Му-у 5% 300 г,139 .99,-16 %
"Майонез Слобода, прованса...",119 .99,-17 %
Маска для волос Garnier F...,569 .99,-25 %
Творог Му-у 9 % 180 г,79 .99,-22 %
Сыр Карат Коралл плавленн...,159 .99,-32 %
Чай травяной Greenfield W...,139 .99,-33 %
Хлеб Королевский хлеб Шот...,53 .99,-21 %
"Чак Чак Караван Сарай, ме...",99 .99,-11 %
Средство для мытья посуды...,159 .99,-32 %
"Кефир Сарафаново 2,5 % 93...",89 .99,-17 %
Средство для чистки унита...,169 .99,-24 %
МИЛГРАД Масса твор.с изюм...,85 .99,-21 %
МИЛГРАД Масса твор.с кура...,85 .99,-21 %
Конвертик Мастер Пироговъ...,49 .99,-25 %
Оливки Bonduelle Мансанил...,199 .99,-21 %
Оливки Bonduelle Мансанил...,199 .99,-21 %
"Пельмени Классические, Си...",649 .99,-57 %
Пельмени Сибирская коллек...,649 .99,-51 %
РЕСТОРИЯ Пицца ассорти 35...,189 .99,-22 %
GL.VILLAGE Сок том.восст....,94 .99,-27 %
Молоко детское Маша и Мед...,42 .99,-19 %
"Молоко Маша и Медведь, ул...",99 .99,-16 %
"Хлеб Даниловский, зерново...",71 .99,-17 %
"Масло сливочное, Традицио...",179 .99,-23 %
Консервы икра из баклажан...,84 .99,-12 %
Салат КИМЧИ из белокочанн...,94 .99,-16 %
Сыр плавленый Фетакса 45%...,314 .99,-24 %
Сыр плавленый Виола Сливо...,328 .99,-40 %
"Сыр плавленый ""Виола"" с г...",328 .99,-40 %
Каша молочная сухая овсян...,219 .99,-28 %
Изделия макаронные из тве...,79 .99,-16 %
Колбаса полукопченая «Кре...,249 .99,-49 %
"КОЛОМЕНСКОЕ, Вафли с орех...",89 .99,-28 %
Пряники глазированные без...,89 .99,-23 %
NESCAFE GOLD. НАТУРАЛЬНЫЙ...,699 .99,-46 %
Средство для стирки жидко...,569 .99,-16 %
Крупа гречневая ядрица бы...,59 .99,-12 %
Крем несмываемый комплекс...,399 .99,-26 %
"Крекер ""С кунжутом и семе...",59 .99,-17 %
БЗМЖ Свежий ряд Сыр фасов...,789 .99,-9 %
"Шарлиз Ирис тираженный ""С...",62 .99,-21 %
БЗМЖ Биотворог для пит. д...,49 .99,-11 %
"Продукт д/дет питания,Каш...",219 .99,-28 %
"Торт Миндальный ""Топ Шеф""...",469 .99,-20 %
"Торт бисквитный ""Народная...",419 .99,-39 %
Конфеты глазированные с к...,359 .99,-17 %
Печенье витаминизированно...,119 .99,-26 %
"Топпинг Махеевъ ""Мягкая К...",129 .99,-20 %
"Напиток ""FANTOLA BABBLE G...",99 .99,-26 %
"Пюре из яблок, земляники...",63 .99,-38 %
Пюре из яблок с печеньем...,63 .99,-38 %
МУКА ПШЕНИЧНАЯ ХЛЕБОПЕКАР...,49 .99,-11 %
Мясной продукт из свинины...,179 .99,-34 %
Средство для стирки жидко...,539 .99,-32 %
Средство для стирки жидко...,539 .99,-32 %
Конфеты неглазированные M...,69 .99,-15 %
Корм консервированный пол...,22 .99,-11 %
Корм консервированный пол...,22 .99,-11 %
Корм консервированный пол...,22 .99,-11 %
Корм консервированный пол...,22 .99,-11 %
Напиток безалкогольный не...,89 .99,-17 %
Напиток безалкогольный не...,89 .99,-17 %
Пирожное ВОЗДУШНОЕ С КРЕМ...,139 .99,-29 %
Килька черноморская нераз...,89 .99,-34 %
"""КЕШЬЮ"". Шоколад молочный...",159 .99,-26 %
Изделия макаронные группа...,65 .99,-25 %
Вязанка Сосиски Вязанка С...,219 .99,-41 %
РЕСТОРИЯ Сырники ПО-ДОМАШ...,119 .99,-17 %
БЗМЖ Верховье биотворог с...,49 .99,-11 %
Овощная смесь быстрозамор...,239 .99,-17 %
"БЗМЖ Сыр ""БАШКИРСКИЙ МЕДО...",229 .99,-27 %
Шоколад АЛЕНКА С ФУНДУКОМ...,129 .99,-44 %
Шоколад молочный Алёнка с...,129 .99,-44 %
Майонез Рестория «Оливков...,94 .99,-16 %
Global Village черная смо...,199 .99,-16 %
"Сыр твердый ""Палермо"" с м...",252 .99,-21 %
Круассан Шарлиз с кремом...,54 .99,-19 %
"Консервы Шпроты ""Fish Hou...",134 .99,-12 %
Изделие хлебобулочное сдо...,45 .49,-21 %
Изделие из пшеничной муки...,67 .99,-24 %
БЗМЖ Мороженое эскимо пло...,86 .99,-26 %
Консервы мясные кусковые...,219 .99,-11 %
"Молочный шоколад Аленка,...",129 .99,-44 %
Шоколад молочный Аленка М...,129 .99,-54 %
БЗМЖ СЫР ПЛАВЛЕНЫЙ ПАСТОО...,126 .99,-22 %
Напиток безалкогольный не...,49 .99,-21 %
Корм консервированный пол...,32 .99,-22 %
Корм консервированный пол...,32 .99,-22 %
Корм консервированный пол...,32 .99,-22 %
Корм консервированный пол...,32 .99,-22 %
Корм консервированный пол...,32 .99,-22 %
Колбаса ПАПА МОЖЕТ Сервел...,269 .99,-56 %
БЗМЖ Сыр творожный ЭКОМИЛ...,249 .99,-25 %
"BODYART мыло туалетное ""Т...",69 .99,-22 %
Печенье растворимое пшени...,115 .99,-19 %
ФрутоНяня 90 г. Пюре из я...,63 .99,-38 %
Шоколад молочный с шокола...,96 .99,-36 %
FELIX® Мясные Ломтики. Ко...,30 .99,-33 %
FELIX Мясные Ломтики. Кор...,30 .99,-33 %
FELIX Мясные Ломтики. Кор...,30 .99,-33 %
Прод.дет.пит.д/дет.ран.во...,199 .99,-36 %
"Шоколад молочный ""ОРЕО"" с...",96 .99,-36 %
"Шоколад молочный ""КЛАССИЧ...",96 .99,-33 %
Коллекция плиток шоколада...,379 .99,-35 %
РЕСТОРИЯ П/ф из мяса птиц...,339 .99,-15 %
БЗМЖ Простоквашино Продук...,91 .99,-35 %
"Торт ""Сметанник по-домашн...",499 .99,-25 %
Ветчина ЧЕРКИЗОВО По-Черк...,159 .99,-32 %
"Суп-пюре грибной 0,25 кг...",119 .99,-17 %
"Завтраки готовые ""Подушеч...",129 .99,-31 %
"Завтраки готовые ""Подушеч...",129 .99,-31 %
ЗЕРНИЦА Крекер «С розмари...,59 .99,-17 %
БЗМЖ Биойогурт АКТИВИА с...,49 .99,-25 %
БЗМЖ Биойогурт АКТИВИА с...,51 .99,-18 %
БЗМЖ Биойогурт АКТИВИА с...,51 .99,-18 %
БЗМЖ Биойогурт АКТИВИА с...,49 .99,-25 %
БЗМЖ Биойогурт АКТИВИА с...,49 .99,-25 %
БЗМЖ Биойогурт АКТИВИА об...,49 .99,-25 %
БЗМЖ Биойогурт АКТИВИА с...,49 .99,-25 %
Чипсы из натурального кар...,132 .99,-33 %
"Смесь лесных грибов ""Glob...",219 .99,-23 %
Cuisine Royale Вафли слив...,49 .99,-21 %
Печенье затяжное с глазур...,59 .99,-26 %
КОНФЕТЫ «MILKYSILKY МЯГКА...,359 .99,-17 %
БЗМЖ Сметана ИСКРЕННЕ ВАШ...,74 .99,-21 %
Напиток газированный Cool...,123 .99,-28 %
Колбаса БАВАРУШКА Балыкбу...,319 .99,-38 %
Кофе MACCOFFEE Pure Arabi...,399 .99,-26 %
"Напиток ""Стрит"" (""Street""...",123 .99,-28 %
"Напиток ""Фэнси"" (""Fancy"")...",123 .99,-28 %
"БЗМЖ Сыр моцарелла ""Turat...",129 .99,-16 %
"Котлеты ""Классические"" 40...",105 .99,-30 %
Колбаса БЛИЖНИЕ ГОРКИ Сал...,379 .99,-40 %
Сок Любимый яблочный осве...,99 .99,-21 %
Сок томатный с сахаром и...,99 .99,-21 %
Нектар апельсиновый с мяк...,99 .99,-21 %
Нектар мультифруктовый с...,99 .99,-21 %
Напиток Кола безалкогольн...,74 .99,-21 %
БЗМЖ Йогурт ЧУДО фруктовы...,59 .99,-26 %
БЗМЖ Йогурт ЧУДО фруктовы...,59 .99,-26 %
БЗМЖ Йогурт ЧУДО Клубника...,59 .99,-26 %
Колбасное изделие мясной...,379 .99,-51 %
GOODMIX SALTED CARAMEL ta...,55 .99,-29 %
GOODMIX SALTED PEANUT tas...,55 .99,-29 %
Напиток безалкогольный не...,89 .99,-17 %
Felix Аппетитные кусочки....,30 .99,-33 %
Felix Аппетитные кусочки....,30 .99,-33 %
Felix Аппетитные кусочки....,30 .99,-33 %
Felix Аппетитные кусочки....,30 .99,-33 %
Felix Аппетитные кусочки....,30 .99,-33 %
Felix Аппетитные кусочки....,30 .99,-33 %
Felix Аппетитные кусочки....,30 .99,-33 %
Felix Аппетитные кусочки....,30 .99,-33 %
Felix Sensations. Корм ко...,30 .99,-33 %
Felix Sensations. Корм ко...,30 .99,-33 %
Felix Sensations. Корм ко...,30 .99,-33 %
Felix Sensations. Корм ко...,30 .99,-33 %
Felix Аппетитные Кусочки....,30 .99,-33 %
Felix Аппетитные Кусочки....,30 .99,-33 %
Felix Аппетитные Кусочки....,30 .99,-33 %
Felix Аппетитные Кусочки....,30 .99,-33 %
Смесь GLOBAL VILLAGE Овощ...,139 .99,-29 %
Кофе жареный натуральный...,388 .49,-36 %
"Напиток ""Кул Кола без сах...",123 .99,-28 %
Напиток безалкогольный си...,54 .99,-19 %
Напиток б/а с/г аромат. Д...,54 .99,-19 %
Добрый Напиток с/с яблочн...,175 .99,-15 %
Сардина FISH HOUSE тихоок...,89 .99,-17 %
Овощи консервированные бе...,99 .99,-11 %
"Сыр Маасдам, фасованный,...",889 .99,-11 %
Зубатка синяя Мастерфиш к...,346 .49,-20 %
Атлантика Горбуша ломтики...,139 .99,-16 %
"Креветки северные, Polar,...",661 .49,-40 %
Камбала Polar филе заморо...,334 .99,-17 %
ПЕРВ. СВЕЖ. Филе в паниро...,189 .99,-29 %
Филе горбуши Polar порцио...,359 .99,-23 %
Рыбное кулинарное изделие...,59 .89,-17 %
Капитан Норд Мясо мидий (...,299 .99,-34 %
Соленая пищевая рыбная пр...,449 .99,-27 %
Сельдь т/о ф-к в масле с...,169 .99,-18 %
Пищевая рыбная продукция...,249 .99,-21 %
Капитан Норд Кальмар гига...,499 .99,-21 %
АГУША Пюре ЦЫПЛЕНОК мясно...,82 .99,-16 %
АГУША Пюре ИНДЕЙКА мясное...,96 .99,-15 %
АГУША Пюре ГОВЯДИНА мясно...,94 .99,-16 %
АГУША Пюре ЦЫПЛЕН/ГОВЯДИН...,82 .99,-16 %
АГУША Пюре КРОЛИК мясное...,129 .99,-16 %
Каша Агуша Засыпай-ка Мол...,52 .99,-16 %
Каша Агуша Засыпай-ка Мол...,52 .99,-16 %
Каша Агуша Засыпай-ка Мол...,52 .99,-16 %
Каша Агуша Засыпай-ка Мол...,52 .99,-16 %
Каша мол стер «Вставай-ка...,52 .99,-16 %
Каша молочная рисовая с к...,52 .99,-16 %
Каша молочная злаковая с...,52 .99,-16 %
МЯС.ФЕРМА Ребра свиные к/...,499 .99,-9 %
Шоколад Ritter Sport Моло...,167 .99,-17 %
Шоколад Ritter Sport Темн...,155 .99,-17 %
Конфеты Комильфо шоколадн...,427 .99,-44 %
Зубная щетка Colgate Зиг...,119 .99,-17 %
"Масло Ideal, подсолнечное...",139 .99,-11 %
Кофе молотый Julius Meinl...,499 .99,-29 %
Кофе молотый Julius Meinl...,459 .99,-29 %
Крем Nivea универсальный...,299 .99,-27 %
Бальзам после бритья Nive...,579 .99,-35 %
"Крупа Гречневая, элитная,...",120 .99,-18 %
"Чай Ahmad Tea, Earl Grey,...",219 .99,-32 %
Средство для посудомоечно...,749 .99,-45 %
Средство чистящее Cillit...,259 .99,-35 %
Набор шоколадных конфет M...,419 .99,-29 %
Конфеты из молочного шоко...,419 .99,-29 %
"Приправа Maggi, букет при...",49 .99,-21 %
Конфеты Ferrero Rocher хр...,674 .99,-34 %
Зубная паста Lacalut Acti...,259 .99,-27 %
Вода СВЯТОЙ ИСТОЧНИК б/г...,29 .99,-21 %
Конфеты Raffaello с цельн...,569 .99,-34 %
Чай зеленый Greenfield Fl...,198 .99,-30 %
"Чай Ahmad Earl Grey, 100х...",519 .99,-31 %
"Чай Ahmad Tea, English Br...",519 .99,-31 %
Шоколад Бабаевский Темный...,139 .99,-43 %
"Палочки Saltletts, солены...",35 .19,-15 %
Крем для бритья Arko Men...,99 .99,-26 %
Пена для бритья Arko Man...,189 .99,-27 %
"Чай Майский Отборный, 25х...",69 .99,-19 %
Чай черный Akbar Gold 25...,109 .99,-37 %
Кондиционер для белья Е F...,144 .99,-18 %
"Гель Tiret, для удаления...",399 .99,-36 %
Гель для бритья Nivea Men...,479 .99,-38 %
Шампунь и бальзам-ополаск...,269 .99,-26 %
Шампунь и бальзам-ополаск...,269 .99,-26 %
Шампунь Head&Shoulders ос...,459 .99,-24 %
Шампунь Head&Shoulders Эн...,459 .99,-24 %
Вода ШИШК.ЛЕС СПОРТ негаз...,54 .99,-15 %
Лосьон после бритья Nivea...,579 .99,-35 %
Пряник Тульский с начинко...,65 .99,-32 %
Бумага Zewa туалетная с а...,189 .99,-32 %
Соль для посудомоечных ма...,299 .99,-21 %
Салфетки бумажные Zewa Fa...,169 .99,-24 %
Паста томатная Помидорка...,159 .99,-13 %
Шампунь Head&Shoulders Ме...,459 .99,-24 %
Крем-гель для душа Dove Г...,289 .99,-32 %
Шоколад Победа горький 72...,119 .99,-30 %
Приправа Kotanyi Перец че...,69 .99,-29 %
Приправа Kotanyi Чеснок и...,69 .99,-29 %
"Конфета Nuts, 66 г",79 .99,-38 %
"Мясо Цыпленка, в собствен...",109 .99,-19 %
Печенье Посиделкино Овсян...,106 .99,-30 %
"Чай Champion, черный, 100...",198 .99,-35 %
"Майонез Махеевъ, с лимонн...",128 .99,-23 %
Зубная паста Colgate Макс...,279 .99,-36 %
"Чай Майский, Корона Росси...",148 .99,-20 %
"Ветчина Балтийская, говяж...",175 .99,-12 %
Печенье Петродиет Овсяное...,104 .99,-15 %
Прокладки Discreet Allday...,329 .99,-25 %
Бальзам-ополаскиватель дл...,299 .99,-34 %
Чай черный Beta Tea ОРА 2...,379 .99,-29 %
"Ирис Золотой ключик, 250...",162 .99,-30 %
"Конфеты цитрон, Красный о...",164 .99,-40 %
"Конфеты Маска, РотФронт,...",212 .99,-35 %
"Хлеб ""Хлебный Дом"" Геркул...",98 .99,-20 %
Хлеб Коломенское Бородинс...,51 .99,-20 %
DIROL Жев.рез.АРБУЗНАЯ СВ...,39 .99,-26 %
DIROL Жев.рез.АРБУЗНО-ДЫН...,39 .99,-26 %
Шоколад Вдохновение с трю...,139 .99,-22 %
"Чай Майский Лесные ягоды,...",69 .99,-19 %
Носовые платочки Zewa Del...,164 .99,-22 %
Огурчики Дядя Ваня марино...,369 .99,-25 %
Стиральный порошок Миф Мо...,399 .99,-33 %
"Кофе Арабика, растворимый...",509 .99,-36 %
Бумажные полотенца Zewa к...,124 .99,-21 %
Зубная паста Parodontax б...,239 .99,-17 %
Майонез Слобода Оливковый...,133 .99,-18 %
Пряник Ясная Поляна Тульс...,69 .99,-36 %
Печенье-сэндвич Konti Суп...,49 .99,-31 %
Вафельный торт Шоколадниц...,179 .99,-28 %
DISCREET Прокладки AIR еж...,329 .99,-25 %
Чай Tess Pleasure черный...,119 .99,-26 %
Чай Tess Lime зеленый 25п...,119 .99,-26 %
Блинчики Останкино с пече...,129 .99,-21 %
"Кофе Bushido, original, 1...",899 .99,-35 %
"Соус Astoria, сливочно-че...",109 .99,-28 %
"Чай Greenfield Earl Grey,...",469 .99,-30 %
"Галеты классические, 185...",72 .99,-18 %
Кондиционер для белья E O...,144 .99,-18 %
"Соус Astoria, сметанный с...",109 .99,-28 %
Мыло жидкое Palmolive Ней...,249 .99,-33 %
"Зубная паста Colgаtе, мак...",279 .99,-36 %
Тарталетки КиТ для икры 3...,81 .99,-15 %
Тарталетки КиТ для салата...,93 .99,-15 %
"Леденцы Бон Пари, ассорти...",304 .99,-35 %
"Вафли Коровка, топленое м...",89 .99,-28 %
Дезодорант AXE Dark Tempt...,379 .99,-22 %
Приправа ИНДАНА универсал...,59 .99,-34 %
Мааг Финики с косточкой 2...,89 .19,-16 %
Кофе Lebo Принц Лебо араб...,144 .99,-18 %
Шоколадный батончик Milky...,889 .99,-25 %
Сок Агуша Яблоко осветлен...,44 .99,-21 %
Зубная щетка Colgate Докт...,89 .90,-12 %
Хлопья Nordic Пшенные 500...,126 .99,-14 %
Шоколадный батончик Mars...,949 .99,-29 %
"Конфеты Озорная Пчелка, ж...",289 .99,-14 %
Кофе Жокей Ирландские Сли...,299 .99,-34 %
Колбаса Останкино Салями...,209 .99,-29 %
"Чай Майский, Отборный, че...",249 .99,-21 %
Простоквашино Сметана 15%...,64 .99,-16 %
Зубная паста Colgate Трой...,169 .99,-12 %
PANTENE Шампунь ГУСТЫЕ И...,299 .99,-34 %
"Кофе Carte Noire, Origina...",829 .99,-52 %
Подгузники Pampers Active...,1799 .0,-28 %
Подгузники Pampers Active...,1699 .0,-18 %
Шоколад Бабаевский горьки...,139 .99,-43 %
Шоколад Вдохновение Горьк...,139 .99,-22 %
"Шоколад Бабаевский, элитн...",299 .99,-37 %
Чай фруктовый Tess Flame...,119 .99,-26 %
DIROL Жев.рез.МОР.МЯТА по...,39 .99,-26 %
"Печенье Choco Boy, в шоко...",57 .99,-26 %
Крем для лица Черный Жемч...,349 .99,-29 %
Крем для лица Черный Жемч...,349 .99,-29 %
"Конфеты Коровка, шоколадн...",201 .99,-26 %
Соус ТМ АСТОРИЯ сырный ма...,109 .99,-28 %
Бумага туалетная Zewa Del...,189 .99,-32 %
Шоколадный батончик Snick...,949 .99,-29 %
Печенье Twix minis песочн...,899 .99,-26 %
"Масло Global Village, Ext...",319 .99,-19 %
Консервы. Овощи маринован...,159 .99,-13 %
Бальзам-ополаскиватель Pa...,299 .99,-34 %
Шампунь Pantene Интенсивн...,299 .99,-34 %
"Фасоль Global Village, кр...",79 .99,-12 %
"Фасоль Global Village, бе...",79 .99,-12 %
Печенье Бискотти Ассорти...,289 .99,-21 %
"Лак для волос Syoss , Vol...",569 .99,-30 %
Зубная паста Colgate Докт...,114 .28.999999999999996,-13 %
GLOBAL VILLAGE Маслины с/...,109 .99,-12 %
GLOBAL VILLAGE Маслины б/...,109 .99,-12 %
DIROL Жеват.резин.без сах...,39 .99,-26 %
"Приправа Maggi, зажарка,...",69 .99,-22 %
МИРАТОРГ Наггетсы ХРУСТЯЩ...,219 .99,-32 %
Конфеты ДиYes Кокосовые н...,169 .99,-24 %
"Хлопья кукурузные, Хрутка...",129 .99,-31 %
Напит.ЛАЙМОН ФРЭШ б/алк.с...,69 .99,-21 %
Бритва Gillette Mach3 со...,589 .99,-16 %
"Баклажаны Global Village,...",99 .99,-12 %
Конфеты Акконд Птица дивн...,209 .99,-24 %
"Паста шоколадно-молочная,...",119 .99,-17 %
Макароны Шебекинские Голо...,69 .99,-22 %
Какао-порошок РОССИЯ Росс...,119 .99,-17 %
Грудинка Ремит Домашняя к...,199 .99,-26 %
Шейка Ремит Ветчинная сыр...,269 .99,-26 %
Каша Быстров Овсяная с Кл...,35 .99,-37 %
Зубная щетка Splat Profes...,254 .99,-26 %
Шампунь для волос Pantene...,299 .99,-34 %
Ополаскиватель для посудо...,589 .99,-16 %
"Тунец Fish House, кусочки...",144 .99,-18 %
"Тунец Fish House, кусочки...",144 .99,-18 %
Печенье-сэндвич Супер-Кон...,49 .99,-31 %
"Киш миш светлый, Мааг, 25...",174 .99,-21 %
SPLAT З/щетка PROF.WHITEN...,254 .99,-26 %
NIVEA Антиперспирант Черн...,239 .99,-34 %
Дезодорант-антиперспирант...,349 .99,-35 %
"Колбаса Сальчичон, сыроко...",179 .99,-34 %
Мыло Завод Братьев Кресто...,139 .99,-36 %
"Майонез Провансаль Ряба,...",228 .99,-22 %
Сок Агуша Яблоко-шиповник...,44 .99,-21 %
JZ N.PR.Сыр СЕРБСКАЯ БРЫН...,280 .99,-26 %
Соус Heinz Сырный 230г,149 .99,-27 %
Кофе растворимый натураль...,459 .99,-46 %
"Жироудалитель Unicum, 500...",339 .99,-42 %
Жироудалитель Unicum Gold...,389 .99,-49 %
Отруби Ого! ржаные экстру...,40 .19,-18 %
Буханка Zentis Марципанов...,182 .99,-29 %
Сыр Брест-Литовский легки...,195 .99,-24 %
Приправа Имбирь молотый 1...,69 .99,-29 %
Дезодорант Fa Men Sport В...,249 .99,-21 %
Чай Curtis Sunny Lemon че...,129 .99,-35 %
Крем-гель для душа Fa Йог...,419 .99,-22 %
Пряник Наслада Имбирный 3...,94 .99,-27 %
Заправка Сэн Сой для морк...,59 .99,-17 %
"Соус Heinz, барбекю, 230...",149 .99,-27 %
Творог зерненый Савушкин...,74 .99,-21 %
Чай Tess Санрайз черный 1...,398 .99,-28 %
Творог зерненый Савушкин...,74 .99,-21 %
Молочко для тела Evo Пант...,159 .99,-19 %
Зубная щетка Colgate 360...,314 .99,-40 %
Чай Curtis Fresh Mojito з...,129 .99,-35 %
Гель для душа Nivea Men З...,299 .99,-37 %
Лакомство для кошек Dream...,74 .99,-11 %
Лакомство для кошек Dream...,74 .99,-11 %
KOTANYI Приправа ИТАЛ.ТРА...,69 .99,-29 %
Шоколад Ritter Sport Моло...,155 .99,-17 %
Козинак Mixbar арахисовый...,69 .99,-11 %
Сыр Брест-Литовский класс...,189 .99,-22 %
"Печенье Американо, сдобно...",129 .99,-20 %
"Кофе Egoiste Espresso, мо...",499 .99,-21 %
"Кофе Egoiste Noir, зернов...",559 .99,-18 %
Пюре Фрутоняня Груша 100г,49 .99,-21 %
Пюре ФрутоНяня из яблок 1...,49 .99,-21 %
Пюре Фрутоняня Фруктовый...,49 .99,-21 %
"Пюре Фрутоняня*, черносли...",52 .99,-16 %
"Мюсли Matti,банан-шоколад...",134 .99,-12 %
"Мюсли Matti, ежевика-мали...",134 .99,-12 %
Сухой корм для кошек Puri...,409 .99,-27 %
Сухой корм для кошек Puri...,409 .99,-27 %
"Торт Мишка косолапый, ваф...",209 .99,-29 %
Освежитель воздуха Glade...,469 .99,-47 %
"Блинчики с курицей, С пыл...",129 .99,-31 %
Соус Сэн Сой Терияки Прем...,89 .99,-23 %
Каша Быстров Овсяна Черни...,35 .99,-37 %
Конфеты Сормово Трюфели С...,164 .99,-34 %
"Чай Greenfield, Green Mel...",469 .99,-30 %
Зубная щетка Colgate Шелк...,294 .99,-36 %
Дезодорант AXE Anarchy 15...,379 .99,-22 %
Шоколад Dove promises мол...,379 .99,-35 %
Каша Nestle Гречневая 200...,179 .99,-34 %
"Шпроты в масле, Fish Hous...",104 .99,-15 %
"Халва Азовская КФ, 350 г",149 .99,-21 %
"Мицеллярная вода Garnier,...",399 .99,-26 %
"Чай Richard Lord Grey, че...",139 .99,-33 %
Дезодорант Old Spice Wolf...,379 .99,-22 %
Кофе Nescafe Gold Barista...,559 .99,-49 %
Бритва Gillette Venus со...,589 .99,-16 %
Антиперспирант Nivea Эффе...,239 .99,-34 %
DEONICA Антиперспирант НЕ...,189 .99,-22 %
Медовый край мед натураль...,84 .99,-12 %
МЕДОВЫЙ КРАЙ Мед липовый...,129 .99,-16 %
"Шоколад Аленка, молочный,...",239 .99,-26 %
Сок Агуша Груша осветленн...,44 .99,-21 %
Q Конфеты со слив.нач.мин...,224 .99,-34 %
"Рахат-Лукум, Азовская КФ,...",75 .99,-15 %
Шампиньоны Global Village...,189 .99,-11 %
Консервы. Овощи маринован...,119 .99,-11 %
"Хотстеры, сосиски в тесте...",199 .99,-29 %
Колбаса Casademont фуэт э...,389 .99,-39 %
Средство для туалета Cill...,289 .99,-25 %
25 минут и ГОТОВО! Суп ПО...,149 .99,-17 %
MIXBAR Финики 200г,74 .99,-14 %
Чай черный Азерчай Букет...,299 .99,-24 %
Сменный баллон Glade Auto...,469 .99,-47 %
"Чай Richard, Royal Ceylon...",139 .99,-33 %
Чай Richard Королевский Ц...,158 .99,-25 %
Мыло Safeguard Классическ...,89 .99,-12 %
DIROL Жев.рез.КЛУБН-ЧЕРЕШ...,39 .99,-26 %
Корм для собак Purina One...,269 .99,-23 %
Подгузники-трусики Pamper...,449 .99,-12 %
Кускус ГОТОВО! с томатами...,149 .99,-17 %
Бумажные полотенца Papia...,164 .99,-28 %
Йогурт питьевой ФрутоНяня...,46 .99,-18 %
"Шиповник, Бабушкин Хуторо...",149 .99,-21 %
Дезодорант-антиперспирант...,379 .99,-22 %
NIVEA Гель-ух.КРЕМ КОКОС...,229 .99,-35 %
Капсулы для стирки Tide А...,989 .99,-54 %
Корм для кошек Purina One...,729 .99,-18 %
Дезодорант Old Spice Whit...,379 .99,-22 %
Сыр мягкий А ла Каймак 15...,161 .99,-26 %
Средство чистящее Пемолюк...,88 .99,-22 %
Чистящий порошок Пемолюкс...,88 .99,-22 %
Чай Greenfield Spring Mel...,198 .99,-30 %
Сыр Grandblu Сливочный с...,271 .99,-34 %
Корм Purina One сухой с г...,409 .99,-27 %
Корм Purina One Говядина...,409 .99,-27 %
"Шпроты крупные, Вкусные К...",159 .99,-19 %
"Шоколад Milka, молочный,...",149 .99,-41 %
"Шоколад Воздушный, темный...",99 .99,-26 %
"Шоколад Воздушный, белый,...",99 .99,-26 %
"Шоколад Воздушный, молочн...",99 .99,-26 %
"Конфеты Tofiffe, 250 г",389 .99,-34 %
"Трубочки, со сгущенным мо...",145 .99,-25 %
Шницель Российская Корона...,199 .99,-31 %
Шампунь для волос Dove су...,529 .99,-27 %
"Мицеллярная вода ""Черный...",249 .99,-25 %
Чай черный Tess Pleasure...,299 .99,-31 %
Приправа Maggi на второе...,89 .99,-34 %
Приправа Maggi на второе...,89 .99,-34 %
Кофе в зернах Egoiste Noi...,1799 .0,-12 %
Кофе Ambassador Nero жаре...,1069 .0,-26 %
Чай черный Richard Lord G...,158 .99,-25 %
"Цикорий Большая чаша, рас...",99 .99,-41 %
Крем для лица Nivea Men 7...,299 .99,-34 %
"Хлебцы Baker House, италь...",144 .99,-25 %
"Хлебцы Baker House, розма...",144 .99,-25 %
Кисель Леовит БиоИнноваци...,159 .99,-32 %
"Соус Heinz, кисло-сладкий...",149 .99,-27 %
"Корм для кошек Whiskas, с...",129 .99,-15 %
Шоколад Dove молочный 90г,131 .99,-17 %
MR.PROPER Жидкость ЛАВ.СП...,319 .99,-38 %
Хрен Global Village с вас...,74 .99,-11 %
Чай Curtis Hugo Cocktail...,129 .99,-35 %
"Шоколад Milka, молочный,...",169 .99,-30 %
"Чай Richard Love, черный...",469 .99,-37 %
"Кофе Nescafe Crema, раств...",269 .99,-34 %
Колбаса Ближние Горки Док...,369 .99,-46 %
Крем для лица Nivea Care...,319 .99,-26 %
Гель для душа Old Spice W...,379 .99,-22 %
"Соус Кавказский, особо ос...",69 .99,-29 %
"Чай Curtis 20х1,8г Delica...",129 .99,-35 %
"Икра Дядя Ваня, из кабачк...",109 .99,-14 %
Пюре ФрутоНяня Говядина и...,69 .99,-22 %
"Корм для кошек Whiskas, с...",129 .99,-15 %
Хлебцы Щедрые тонкие ржан...,125 .99,-29 %
Маска для лица Garnier Ув...,209 .99,-34 %
Маска для лица Garnier Ув...,209 .99,-34 %
Говядина Отборная к/в кат...,219 .99,-23 %
Пюре ФрутоНяня Индейка и...,69 .99,-22 %
Йогурт питьевой ФрутоНяня...,46 .99,-18 %
Спрей тонирующий L'Oreal...,399 .99,-26 %
Спрей Loreal Paris Magic...,399 .99,-26 %
Соус Heinz Терияки делика...,149 .99,-27 %
Чай зеленый Ahmad Tea с ж...,259 .99,-31 %
Сыр творожный Hochland 65...,334 .99,-23 %
Гель для бритья Arco Men...,319 .99,-32 %
Молоко Агуша для детей от...,127 .99,-11 %
DIROL Маракуйя - жеватель...,39 .99,-26 %
батончик мюсли с черникой...,46 .99,-18 %
Dessert Tea Collection' К...,369 .99,-41 %
"Шоколад молочный ""Аленка""...",34 .99,-49 %
Останкино Сервелат Европе...,329 .99,-34 %
Мороженое Вологодский пло...,142 .99,-27 %
"Масло Global Village, Vir...",309 .99,-17 %
"Печенье Шарлиз, клубника,...",69 .99,-15 %
"Печенье Шарлиз, апельсин,...",69 .99,-15 %
ЯКОБС МОНАРХ КЛАССИЧЕСКИЙ...,399 .99,-33 %
ЯКОБС МОНАРХ Классический...,399 .99,-33 %
Конфеты молочные 400г,94 .99,-11 %
СЕЛЯНОЧКА МАСЛО ПОДСОЛНЕЧ...,132 .99,-16 %
"Кофе Jacobs Monarch, в зе...",1199 .0,-25 %
"Шоколад трюфельный, Комму...",189 .99,-27 %
Батончик SmartBar Protein...,62 .99,-21 %
"Конфеты шоколадные, Белоч...",287 .99,-48 %
"Конфеты Трюфели, Красный...",299 .99,-44 %
"Масло Вкуснотеево, традиц...",239 .99,-26 %
DEONICA Антиперспирант 5P...,219 .99,-28 %
Жевательный мармелад с MA...,84 .99,-18 %
Жевательный мармелад MAMB...,84 .99,-18 %
"Шоколад Коммунарка, молоч...",189 .99,-27 %
Жевательный мармелад MAMB...,84 .99,-18 %
"Лапша пшеничная Удон, 250...",149 .99,-16 %
Вафли с мягкой караменлью...,29 .99,-27 %
Батончик SmartBar Protein...,62 .99,-21 %
"NIVEA MEN ""Защита и Уход""...",479 .99,-38 %
"ПАЛЕРМО с/к нарезка, 0,1...",169 .99,-30 %
Семечки отборные 500г.,309 .99,-20 %
Кондиционер для белья Ver...,239 .99,-17 %
Консервы мясные Крылышки...,224 .99,-21 %
Palmolive Men Гель для ду...,285 .99,-31 %
"Кофе Bushido Kodo Bueno,...",999 .99,-42 %
Шампунь для волос Dove Ин...,399 .99,-33 %
Печенье Belvita Утреннее...,139 .99,-26 %
Печенье Belvita Утреннее...,179 .99,-23 %
"Пирожные ""Птифур"" с трюфе...",179 .99,-28 %
Вода минеральная природна...,35 .99,-17 %
Вода минеральная природна...,35 .99,-17 %
Десерт творожный РАЭ в ва...,37 .99,-22 %
Десерт творожный РостАгро...,37 .99,-22 %
ВЛАД.СТАНД. Ветчина СОЧНА...,209 .99,-39 %
"Печенье, покрытое молочны...",219 .99,-19 %
Печенье с кусочками молоч...,219 .99,-19 %
"Пирожное бисквитное ""Милк...",219 .99,-19 %
Мини-тарты Baker House Ка...,199 .99,-26 %
ALW.Прокл.PL.ULT.NORM.PL....,154 .99,-17 %
ALWAYS Прокладки PLAT.ULT...,154 .99,-17 %
Конфеты Коркунов Ассорти...,329 .99,-40 %
DIROL Резинка WHITE жев.в...,39 .99,-26 %
Средство моющее синтетиче...,989 .99,-54 %
"Зубная паста Blend A Med,...",199 .99,-21 %
ШОКОЛАД МОЛОЧНЫЙ «MILKA М...,359 .99,-17 %
Батат Зеленика здоровый о...,167 .99,-29 %
Соус деликатесный Сладкий...,149 .99,-27 %
Blue Berries Blues черный...,129 .99,-35 %
Колбаса Ближние горки Лив...,209 .99,-39 %
"Печенье купелька, Акульче...",225 .99,-16 %
"Сметана, 20%, РАЭ, 180 г",75 .99,-20 %
Кофе растворимый Egoiste...,599 .99,-27 %
ALWAYS Прокл.ULT.PLAT.NIG...,299 .99,-14 %
Мясной продукт. Вареное к...,329 .99,-34 %
Сменный баллон Glade Auto...,469 .99,-47 %
Пюре ФрутоНяня из Цыпленк...,69 .99,-22 %
Печенье Milka с молочной...,229 .99,-22 %
Напиток овсяный Ne moloko...,139 .99,-21 %
Напиток овсяный Ne moloko...,127 .99,-21 %
Конфеты Глейс шоколадные...,369 .99,-19 %
Яблоко сушеное Экофермер...,129 .99,-24 %
"Коктейль Chaka, ореховый,...",91 .99,-24 %
Чай черный Азерчай Букет...,289 .99,-32 %
"Приправа Maggi, сухая, 75...",69 .99,-29 %
Печенье Mini Calorie Мари...,99 .99,-31 %
"Чай Akbar, черный, 200 г",399 .99,-46 %
Карамель Жевательная Кара...,383 .99,-22 %
Сметана Простоквашино из...,94 .99,-16 %
Десерт Bonjour Konti Груш...,149 .99,-34 %
Вафли Essen Веснушки верт...,155 .99,-20 %
"Пельмени Император, Цезар...",729 .99,-46 %
Мыло жидкое Synergetic Фр...,200 .33,-36 %
Конфеты Bounty Райский ан...,899 .99,-26 %
Карбонад Мясной дом Бород...,399 .99,-38 %
Сушки мини ОГО на фруктоз...,54 .99,-19 %
Вафли Рот Фронт Артек 200...,109 .99,-32 %
"Вафли Коровка, шоколад, 1...",89 .99,-28 %
Рис Мистраль Жасмин белый...,164 .99,-31 %
Сахар Чайкофский для чая...,49 .99,-21 %
Пюре ФрутоНяня из говядин...,69 .99,-22 %
"Пюре Фруто Няня, кролик с...",78 .99,-12 %
Айран Халалмилк 1% 500 мл,71 .99,-20 %
Соус Astoria Тар-тар 30%...,109 .99,-28 %
РУС.ПРОД.Каша ГЕРК.АС.овс...,139 .99,-22 %
Каша ГЕРКУЛЕС Ассорти овс...,154 .99,-30 %
Подгузники Pampers Active...,1799 .0,-28 %
Подгузники-трусики Pamper...,1999 .0,-41 %
Подгузники-трусики Pamper...,1999 .0,-41 %
Конфеты Halls Mini Mints...,48 .99,-19 %
Шоколад Milka Oreo Молочн...,169 .99,-30 %
РЕМИТ Говядина ОТБОРНАЯ н...,169 .99,-24 %
"Конфеты Сами с усами, мол...",679 .99,-34 %
Творог Село Зеленое 5% 22...,118 .99,-26 %
Пирожное Аленка бисквитно...,174 .99,-26 %
Молоко сгущенное Алексеев...,184 .99,-19 %
"Колбаса Верона, сыровялен...",189 .99,-43 %
СЕЛО ЗЕЛ.Прод.тв.ЗЕРНО ТВ...,79 .99,-31 %
"Кофе Jacobs Crema, раство...",469 .99,-39 %
СЕЛО ЗЕЛ.Пудинг мол.вк.ва...,49 .99,-29 %
СЕЛО ЗЕЛ.Пудинг мол.шокол...,49 .99,-29 %
Печенье-гранола Extra сдо...,189 .99,-37 %
Карамель Яшкино Нота бум...,369 .99,-19 %
Мицеллярная вода Nivea См...,369 .99,-33 %
Средство для чистки унита...,249 .99,-29 %
Средство для чистки унита...,249 .99,-29 %
"Грудка по-черкизовски, св...",259 .99,-31 %
Сухой корм для кошек Puri...,409 .99,-27 %
Кофе молотый в растворимо...,459 .99,-46 %
Хлебцы Щедрые Бородинские...,125 .99,-29 %
Пельмени Сибирская коллек...,623 .69,-41 %
"Нектар Soko Grande, морко...",109 .99,-19 %
"Нектар Soko Grande, тыква...",109 .99,-19 %
Йогурт Савушкин Греческий...,74 .99,-21 %
TIDE Авт СМС порошк. Детс...,399 .99,-13 %
Печенье овсяное «Классиче...,164 .99,-25 %
Консервы икра из кабачков...,84 .99,-11 %
"Чай под т.з. ""Зеленая Пан...",249 .99,-33 %
Печенье «Milka Sensations...,244 .99,-19 %
Фрукты протертые с сахаро...,144 .99,-11 %
"Конфеты с начинками ""Степ...",669 .99,-41 %
Вафли с жировой начинкой...,59 .99,-17 %
Вафли с жировой начинкой...,59 .99,-17 %
FINISH Гель для мытья пос...,874 .99,-26 %
Шарлиз Мармелад желейный...,89 .99,-12 %
Конфеты Раффаэлло с цельн...,209 .99,-34 %
Соус на растительных масл...,99 .99,-31 %
Продукт дет.пит. д\детей...,64 .99,-24 %
Конфеты жевательные с нач...,334 .99,-17 %
Черкизово премиум Изделие...,549 .99,-41 %
ВЕЛКОМ Колбаса ТЕЛЯЧЬЯ ва...,399 .99,-41 %
Сухие завтраки неглазиров...,89 .99,-12 %
Сухие завтраки неглазиров...,89 .99,-12 %
Комплексная пищевая добав...,99 .99,-16 %
Зефир глазированный в шок...,399 .99,-11 %
"Вафли ""С ароматом лесного...",59 .99,-17 %
РАСТИТЕЛЬНО-МЯСНОЕ ПЮРЕ G...,219 .99,-30 %
КОНСЕРВЫ GERBER РАСТИТЕЛЬ...,219 .99,-30 %
Кетчуп первой категории М...,89 .99,-23 %
Чистящие средства для уни...,399 .99,-36 %
"Снеки хрустящие ""Луковые...",84 .99,-12 %
Дядя Ваня Фасоль печеная...,169 .99,-24 %
"Вафли ""С ароматом лимона""...",59 .99,-17 %
Торт бисквитный Прага 720...,399 .99,-26 %
ВЕСНА Крем косметический...,57 .99,-21 %
"Кукуруза ""От Мартина"" жар...",84 .99,-24 %
Конфеты без сахара HALLS...,48 .99,-19 %
Шоколад молочный «MILKA М...,359 .99,-17 %
"Гель увл. д/лица""Гиалурон...",419 .99,-29 %
Пятновыводитель для ткане...,498 .99,-40 %
Пятновыводитель и отбелив...,498 .99,-40 %
Средство биоразлагаемое д...,299 .99,-17 %
BUSHIDO Red Katana Кофе м...,589 .99,-33 %
BUSHIDO Sensei Кофе в зер...,599 .99,-34 %
Консервы мясорастительные...,159 .99,-26 %
ДаЁжъ Конфеты с карамелью...,539 .99,-32 %
Крем для лица дневной SPF...,549 .99,-28 %
Крем-маска для лица ночно...,549 .99,-28 %
"Печенье сахарное ""Традици...",29 .99,-17 %
Напиток безалкогольный не...,55 .99,-29 %
Напиток безалкогольный не...,55 .99,-29 %
Напиток безалк.негаз.паст...,55 .99,-29 %
Средство моющ. синтетич....,499 .99,-29 %
Средство моющ. синтетич....,499 .99,-29 %
Орехи фисташковые неочище...,189 .99,-11 %
MIXBAR ядра орехов Кешью...,249 .99,-13 %
MIXBAR ядра грецкого орех...,139 .99,-11 %
MIXBAR ядра фундука жарен...,164 .99,-13 %
Ядра орехов жареные: ядра...,179 .99,-17 %
CRASHBASH. Снэки: Фигурны...,77 .99,-30 %
Изделие кондитерское мучн...,329 .99,-19 %
Изделие кондитерское мучн...,329 .99,-19 %
виноград фасованный сушен...,79 .99,-13 %
Завтраки Готовые Kellogg'...,199 .99,-26 %
Печенье сдобное Хлебный С...,169 .99,-42 %
Крупа рисовая шлифованная...,93 .99,-11 %
Коктейль (смесь из сухофр...,199 .99,-11 %
Конфеты глазированные БЕЛ...,699 .99,-29 %
"Шоколад ""Коммунарка"" моло...",189 .99,-27 %
"Крупа пшеничная ""GLOBAL V...",89 .99,-12 %
"""Липецкая-Лайт"" напиток б...",54 .99,-17 %
"""Липецкая-Лайт"" напиток б...",54 .99,-17 %
Конфеты глазир мол шок гл...,789 .99,-44 %
Продукт мясной сырокопчён...,279 .99,-40 %
Средство чистящее для уни...,399 .99,-36 %
Крем-мыло туалетное тверд...,139 .99,-36 %
Мясная Ферма КАРБОНАД ЮБИ...,139 .99,-8 %
Жевательная резинка Dirol...,39 .99,-26 %
Корм конс.полнор.Pur.ONE...,34 .99,-23 %
Корм конс.полнорац.Purina...,34 .99,-23 %
Корм конс.полнорац.Purina...,34 .99,-23 %
Корм конс.полнор.Pur.ONE...,34 .99,-23 %
Корм конс.полнорац.Purina...,34 .99,-23 %
Крем-мыло для рук Palmoli...,249 .99,-33 %
БЗМЖ Творог 9% пакет 500г,286 .99,-31 %
Кофе натуральный жареный...,549 .99,-35 %
Мясной продукт из свинины...,319 .99,-29 %
Бондюэль Белая фасоль в п...,149 .99,-27 %
Бондюэль Красная фасоль в...,149 .99,-27 %
РУБЛЕВСКИЙ Мясной продукт...,1809 .99,-29 %
"Конфеты ""Забегай на чай""Т...",549 .99,-19 %
Конфеты вафельные глазиро...,822 .99,-40 %
"Кетчуп Махеевъ ""Томатный""...",89 .99,-23 %
Фрукты протертые с сахаро...,144 .99,-11 %
Фрукты протертые с сахаро...,144 .99,-11 %
СУХ.БЫСТРОРАСТ.МОЛ.НАП.«N...,649 .99,-24 %
СУХ.БЫСТРОРАСТ.МОЛ. НАПИТ...,649 .99,-24 %
DOVE HAIR THERAPY БАЛЬЗАМ...,399 .99,-33 %
Шампунь и Гель для душа с...,307 .99,-23 %
Шампунь&Бальзам специальн...,307 .99,-23 %
Kофе натуральный раствори...,789 .99,-42 %
Вода минеральная природна...,47 .99,-17 %
Белёвская пастила классич...,114 .99,-14 %
Dirol White - Жевательная...,39 .99,-26 %
РУБЛЕВСКИЙ Колбасное изде...,349 .99,-49 %
Шоколад молочный Alpen Go...,167 .99,-17 %
Шоколад молочный Alpen Go...,167 .99,-17 %
Шоколад молочный Alpen Go...,89 .99,-34 %
Шоколад белый Alpen Gold...,89 .99,-34 %
Шоколад горький Alpen Gol...,83 .99,-17 %
Астория™ Соус на основе р...,109 .99,-28 %
Шоколад тёмный БАБАБЕВСКИ...,94 .99,-16 %
ZEWA Бумага туалет. с тис...,209 .99,-24 %
ТМ Шарлиз Конфеты неглази...,99 .99,-11 %
"Котлеты ""По-домашнему"", п...",159 .99,-35 %
MIXBAR Попкорн сладкий «К...,79 .99,-13 %
РОДНЫЕ ПРОСТОРЫ®. Конфеты...,299 .99,-41 %
Родные просторы®. Конфеты...,299 .99,-41 %
Средство дезинфицирующее...,279 .99,-33 %
Рыбные консервы стерилизо...,134 .99,-12 %
Dirol Морозная Вишня - же...,39 .99,-26 %
DEONICA Антиперспирант Эн...,162 .99,-27 %
Мясной продукт. Колбасное...,399 .99,-43 %
Кол.шок.конф.Корк.Орех.из...,429 .99,-31 %
Рестория кетчуп томатный...,74 .99,-11 %
Рестория кетчуп шашлычный...,74 .99,-11 %
Жевательные конфеты Halls...,45 .99,-14 %
ЧЕРНЫЙ ЖЕМЧУГ ПЕНКА-МУСС...,339 .99,-30 %
Консервы овощные стерилиз...,99 .99,-11 %
Семена подсолнечника жаре...,54 .99,-13 %
"Паста томатная ""Global vi...",173 .99,-32 %
Каша гречневая ассорти (с...,159 .99,-19 %
Мармелад жевательный фигу...,69 .99,-15 %
Рыбные консервы Паштет из...,139 .99,-36 %
Sensodyne Ежедневная Защи...,179 .99,-12 %
СЕЛЯНОЧКА Мука блинная кл...,71 .99,-17 %
Шоколад молочный Alpen Go...,167 .99,-17 %
Шоколад молочный Alpen Go...,167 .99,-17 %
Шоколад молочный Alpen Go...,167 .99,-17 %
Консервы овощные пастериз...,179 .99,-12 %
Иней Мясное изделие колба...,189 .99,-16 %
Напиток безалкогольный с...,79 .99,-13 %
Напиток безалкогольный с...,79 .99,-13 %
Вафли глазированные с ара...,98 .99,-25 %
Какао-напиток растворимый...,159 .99,-26 %
Кузя Лакомкин кукурузные...,119 .99,-34 %
Напиток сокосодержащий из...,99 .99,-21 %
Напиток сокосодержащий из...,99 .99,-21 %
Консервы закусочные из ре...,99 .99,-11 %
Антиперспирант «Нежная св...,239 .99,-34 %
Мини-кексы Юбилейное JUBI...,129 .99,-16 %
Колбаса вареная Докторска...,359 .99,-42 %
Шоколад молочный с начинк...,83 .99,-17 %
Шоколад тёмный с начинкой...,199 .99,-16 %
Шоколад молочный с начинк...,99 .99,-21 %
Мини-рожок хрустящий с ка...,449 .99,-27 %
Чайный напиток с ароматом...,124 .99,-25 %
напиток безалкогольный ср...,79 .99,-13 %
ПОДАРОЧНЫЙ НАБОР ШОКОЛАДН...,824 .99,-34 %
Шоколад молочный пористый...,149 .99,-41 %
"Шоколад молочный Милка, 8...",149 .99,-41 %
Шоколад молочный Милка с...,149 .99,-41 %
Шоколад молочный MILKA с...,149 .99,-41 %
Шоколад молочный пористый...,149 .99,-41 %
Шоколад молочный пористый...,149 .99,-41 %
Шоколад молочный Милка с...,149 .99,-41 %
MARSHMALLOW батончик SOJ...,49 .99,-21 %
БЗМЖ Сыр Благородный Дуэт...,249 .99,-37 %
"Конфеты ""BORA-BORA"" кокос...",613 .99,-27 %
Печенье «Сhocoboy Black C...,57 .99,-26 %
Корм сухой полнорационный...,129 .99,-15 %
МАРМЕЛАД ЖЕВАТЕЛЬНЫЙ С НА...,197 .99,-15 %
МАРМЕЛАД ЖЕВАТЕЛЬНЫЙ С НА...,197 .99,-15 %
"""ЦЕЛЬНЫЙ МИНДАЛЬ"". Шокола...",167 .99,-17 %
ORAL-B Зубная щетка 3D Wh...,214 .99,-21 %
"Консервы Скумбрия ""Fish H...",99 .99,-11 %
Десерт ДОБРЯНКА ФУНДУК КФ...,797 .99,-28 %
"Консервы Сардина ""Fish ho...",99 .99,-11 %
"Зубная щетка ""Colgate Зиг...",119 .99,-17 %
Рыбные консервы стерилизо...,64 .99,-16 %
РОССИЯ - ЩЕДРАЯ ДУША Моло...,65 .99,-17 %
РОССИЙСКИЙ Горький шокола...,71 .99,-17 %
РОССИЯ - ЩЕДРАЯ ДУША Моло...,65 .99,-17 %
КОФЕ С МОЛОКОМ Молочный ш...,65 .99,-17 %
Мармелад жевательный фигу...,69 .99,-15 %
MixBar Ядра семян тыквы P...,189 .99,-16 %
Рыбные консервы стерилизо...,89 .99,-12 %
Рыбные консервы: Печень т...,189 .99,-16 %
Консервы овощные: оливки...,69 .99,-15 %
Консервы овощные: оливки...,69 .99,-15 %
Средство для смягчения во...,499 .99,-21 %
БЗМЖ Пудинг СЕЛО ЗЕЛЕНОЕ...,49 .99,-29 %
"Батончик глазированный ""S...",79 .99,-13 %
Кофе натуральный раствори...,429 .99,-40 %
Печенье сдобное КРЕНДЕЛЬК...,169 .99,-33 %
MIXBAR Арахис в хрустящей...,52 .99,-12 %
MIXBAR Арахис в хрустящей...,52 .99,-12 %
Консервы мясные кусковые...,299 .99,-11 %
Консервы мясосодержащие р...,69 .99,-15 %
Консервы мясосодержащие р...,69 .99,-15 %
Global Village Selection...,109 .99,-13 %
Варенька Джем десертный «...,99 .99,-16 %
Варенька Джем десертный «...,99 .99,-16 %
СЕЛЯНОЧКА Мука кукурузная...,54 .99,-28 %
СЕЛЯНОЧКА Мука рисовая 50...,74 .99,-21 %
ASSAND Чай КЕНИЙСКИЙ черн...,239 .99,-9 %
"Индейка тушеная ""Мясная Ф...",154 .99,-17 %
"Кетчуп итальянский Хайнц,...",139 .99,-29 %
"Кетчуп острый Хайнц, 320...",139 .99,-29 %
"Кетчуп томатный Хайнц, 32...",139 .99,-29 %
Кетчуп с чесноком и пряно...,139 .99,-29 %
Кетчуп для гриля и шашлык...,139 .99,-29 %
"Пюре Honey Kid из яблок,...",94 .99,-27 %
"Пюре ""Honey Kid"" из яблок...",94 .99,-27 %
"Пюре ""Honey Kid"" из яблок...",94 .99,-27 %
БЗМЖ АГУША Ряженка сладка...,49 .99,-11 %
"БЗМЖ АГУША ""Ряженка фрукт...",49 .99,-11 %
Шоколад молочный «Альпен...,104 .99,-34 %
Крупа перловая в пакетика...,64 .99,-24 %
Крупа Смесь рис круглозер...,64 .99,-16 %
Колбаски ЧЕРКИЗОВО Мясной...,139 .99,-22 %
Масло подсолнечное с экст...,139 .99,-11 %
Консервы овощные Имам бая...,154 .99,-17 %
Конфеты «Сладония» вафель...,406 .99,-27 %
БЗМЖ Простоквашино Продук...,54 .99,-15 %
Консервы мясные кусковые...,199 .99,-16 %
Консервы мясные кусковые...,159 .99,-13 %
Консервы мясные кусковые...,309 .99,-11 %
Мясные консервы из субпро...,124 .99,-13 %
Мясные консервы из субпро...,124 .99,-13 %
"Напиток ""FRESH"" безалкого...",55 .99,-29 %
СЕЛЯНОЧКА Мука пшеничная...,119 .99,-17 %
Рыбные консервы стерилизо...,279 .99,-18 %
Крупа кукурузная шлифован...,63 .99,-13 %
ВАРЕНЬКА Варенье ВИШНЕВОЕ...,144 .99,-11 %
Вкус и Польза Напиток чай...,109 .99,-11 %
"Напиток чайный ""Вкус и По...",109 .99,-11 %
Вкус и Польза Напиток чай...,109 .99,-11 %
ЧАЙ ЧЁРНЫЙ БАЙХОВЫЙ АРОМА...,239 .99,-11 %
Масло подсолнечное с экст...,139 .99,-11 %
Конфеты «Q»® клубника со...,224 .99,-34 %
Вафли «Сливочные традицио...,89 .99,-25 %
Вафли «С халвой» 200г,89 .99,-25 %
Зубная паста Colgate Макс...,169 .99,-12 %
"Карамель леденцовая ""Имму...",34 .99,-29 %
Rich Fleur напит сокосоде...,99 .99,-21 %
Rich Fleur напит. сокосод...,99 .99,-21 %
«РОССИЯ» – ЩЕДРАЯ ДУША! З...,399 .99,-38 %
Конфеты Трюфели Классичес...,329 .99,-40 %
PAMPERS Подгузники-трусик...,1349 .0,-15 %
PAMPERS Подгузники-трусик...,1349 .0,-15 %
PAMPERS Подгузники-трусик...,1349 .0,-15 %
PAMPERS Подгузники-трусик...,1349 .0,-15 %
Печенье сахарное Чайное д...,429 .99,-31 %
Напиток безалкогольный ср...,75 .99,-22 %
"Сок из яблока,манго и бан...",44 .99,-21 %
"БЗМЖ Сыр ""Аманте"" полутве...",215 .99,-13 %
Чипсы картофельные «Карто...,39 .99,-13 %
Don’ Semi Семена подсолне...,59 .99,-17 %
"ШАРЛИЗ Белевский зефир ""А...",189 .99,-16 %
Don’ Semi Семена подсолне...,164 .99,-28 %
Don’ Semi Семена подсолне...,164 .99,-28 %
Кетчуп Со вкусом овощи на...,139 .99,-29 %
"Кетчуп ""со вкусом Клюква...",139 .99,-29 %
Полуфабрикат замороженный...,399 .99,-10 %
Колбаса ДЫМ ДЫМЫЧ Сервела...,219 .99,-41 %
"БЗМЖ Сыр твердый ""BELSTER...",349 .99,-35 %
Mollis Мюсли запеченные с...,99 .99,-11 %
Завтраки готовые Kellogg'...,189 .99,-32 %
Кофе жареный молотый Жард...,529 .99,-33 %
Кофе жареный в зернах Жар...,529 .99,-33 %
Влажные детские салфетки...,159 .99,-32 %
Кукурузные снеки со вкусо...,109 .99,-37 %
Кукурузные снеки со вкусо...,109 .99,-37 %
БЗМЖ Йогурт LIBERTY YOGUR...,49 .99,-27 %
БЗМЖ Йогурт LIBERTY YOGUR...,49 .99,-27 %
БЗМЖ Йогурт LIBERTY YOGUR...,49 .99,-27 %
Средство FINISH Powerball...,1745 .0,-37 %
Finish Power 13 таблеток,469 .99,-37 %
Набор колбас ВЕЛКОМ Браун...,169 .99,-24 %
Изделие сдобное Княжий Да...,238 .99,-25 %
ЧАЙ ЗЕЛЕНЫЙ С ЛАЙМОМ АРОМ...,239 .99,-11 %
HEAD & SHOULDERS Шампунь...,269 .99,-26 %
JACOBS Barista Editions C...,1599 .0,-32 %
НАЦИОНАЛЬ Рис Бальдо п/п...,134 .99,-19 %
Milk Chocolate strawberry...,69 .99,-29 %
Шоколад молочный с кокосо...,69 .99,-29 %
Конфеты глазированные с к...,139 .99,-11 %
Мясной продукт. Изделие к...,169 .99,-30 %
Пряники ХЛЕБНЫЙ ДОМ Шокол...,119 .99,-17 %
DEONICA FOR MEN Антиперсп...,186 .99,-20 %
Пастилки с маршмеллоу KID...,65 .99,-16 %
ARIEL Авт СМС порошк. Col...,449 .99,-45 %
СМС ARIEL Color жидкое в...,724 .99,-54 %
Пастилки с начинкой с мар...,65 .99,-16 %
"Печенье сахарное ""Топлено...",78 .99,-25 %
"Печенье сахарное ""Шоколад...",78 .99,-25 %
Напиток Positivity (Позит...,139 .99,-22 %
Напиток Positivity (Позит...,139 .99,-22 %
Напиток Positivity (Позит...,139 .99,-22 %
"Майонезный соус ""Салатный...",74 .99,-26 %
Какао-напиток ХРУТКА быст...,299 .99,-34 %
Какао-напиток ХРУТКА быст...,164 .99,-34 %
AXE АНТИПЕРСПИРАНТ КАРАНД...,379 .99,-22 %
Шоколад Аленка соленый кр...,94 .99,-28 %
Каша сухая молочная овсян...,209 .99,-34 %
Каша сухая молочная мульт...,209 .99,-34 %
Nuts®. Вкус брауни. Конфе...,79 .99,-38 %
Сок томатный с морской со...,149 .99,-21 %
АСТОРИЯ Соус на основе ра...,109 .99,-28 %
Хрутка. Конфета с суфле и...,54 .99,-28 %
ХРУТКА NESTLE DUO Готовый...,129 .99,-31 %
ХРУТКА Nestle Готовый шок...,129 .99,-31 %
Колбасное изделие колбаса...,159 .99,-32 %
MEN CODE Подарочный набор...,374 .99,-21 %
Сок гранатовый прямого от...,149 .99,-21 %
БАРХАТНЫЕ РУЧКИ ПОДАРОЧНЫ...,279 .99,-29 %
Шампунь SCHAUMA Мягкое Оч...,229 .99,-22 %
Шампунь SCHAUMA Питательн...,229 .99,-22 %
Шампунь SCHAUMA MEN Проти...,229 .99,-22 %
Шампунь SCHAUMA Ultra Сил...,229 .99,-22 %
Шампунь SCHAUMA 7 Трав дл...,229 .99,-22 %
Мучное кондитерское издел...,249 .99,-25 %
Бальзам SCHAUMA 7 Трав дл...,229 .99,-22 %
TIDE СМС жидк. в раствори...,664 .99,-51 %
Набор подарочный BODYART...,222 .99,-11 %
Набор подарочный BODYART...,222 .99,-11 %
Набор подарочный BODYART...,222 .99,-11 %
Картофель хрустящий LAVA...,79 .99,-26 %
Картофель хрустящий LAVA...,79 .99,-26 %
ПАЛОЧКИ сладкие КУКУРУЗНЫ...,69 .99,-29 %
Шоколад горький элитный 7...,82 .99,-16 %
ШОКОЛАД Люкс темный 90г,139 .99,-43 %
ШОКОЛАД Бабаевский горьки...,139 .99,-43 %
Смесь GLOBAL VILLAGE Овощ...,169 .99,-6 %
Набор конфет Pergale из т...,249 .99,-37 %
«Россия» – щедрая душа! ®...,104 .99,-34 %
«Россия» – щедрая душа! ®...,104 .99,-34 %
«Россия» - Щедрая Душа!®...,104 .99,-34 %
"Конфеты глазированные ""Ма...",279 .99,-40 %
Чипсы из натурального кар...,119 .99,-17 %
Чипсы из натурального кар...,119 .99,-17 %
Конфеты Bounty,949 .99,-29 %
Конфеты Марсианка Ассорти,459 .99,-14 %
Яблоко красное фас.1кг,99 .99,-11 %
Дск Капуста Белокочанная...,79 .99,-26 %
Дск Яблоки ГРЕННИ СМИТ 1к...,109 .99,-10 %
Дск Перец красный сладкий...,269 .99,-8 %
Дск Чеснок 1кг,299 .99,-17 %
Дск Груша сезонная 1кг,139 .99,-15 %
Виноград КИШ-МИШ 1кг,299 .99,-17 %
Финики 1кг,199 .99,-11 %
Дск Зелень Ассорти лук/ук...,67 .99,-20 %
Дск Картофель фасованный...,179 .99,-12 %
Дск Лимоны 1кг,109 .99,-10 %
Дск Сельдерей стебель 1шт,99 .99,-11 %
Дск Огурцы 1 шт,89 .99,-23 %
Гиацинт декоративный горш...,89 .99,-12 %
"Салатная смесь ""Тоскана""...",129 .99,-24 %
Дск Манго 1 кг,279 .99,-8 %
Дск Томат сливовидный 600...,179 .99,-9 %
ДСК Грибы Шампиньоны 400...,119 .99,-17 %
ДСК Орехи фисташковые нео...,999 .99,-6 %
